command	run	direct_ms	jevsh_ms	overhead_ms
ls -la	1	2.7	201.4	198.7
ls -la	2	2.8	204.3	201.5
ls -la	3	3.0	241.6	238.6
ls -la	4	2.8	205.8	202.9
ls -la	5	3.1	213.9	210.8
ls -la	6	2.8	248.2	245.4
ls -la	7	2.6	195.1	192.5
ls -la	8	2.6	251.1	248.4
ls -la	9	2.7	205.4	202.7
ls -la	10	2.7	200.2	197.5
ls -la	11	2.7	216.5	213.8
ls -la	12	2.7	210.7	208.0
ls -la	13	2.8	237.4	234.6
ls -la	14	2.7	208.4	205.8
ls -la	15	2.7	245.7	243.0
ls -la	16	2.6	206.6	204.0
ls -la	17	2.7	220.7	218.0
ls -la	18	2.8	207.6	204.8
ls -la	19	2.7	213.6	210.8
ls -la	20	2.7	228.0	225.3
ls -la	21	2.7	193.6	190.9
ls -la	22	2.7	210.6	207.9
ls -la	23	2.7	211.3	208.6
ls -la	24	2.8	230.8	228.0
ls -la	25	2.7	220.2	217.5
ls -la	26	2.7	216.9	214.2
ls -la	27	2.7	192.7	190.0
ls -la	28	2.9	199.0	196.1
ls -la	29	2.7	202.8	200.1
ls -la	30	2.7	210.0	207.3
df -h	1	2.5	202.5	200.0
df -h	2	2.7	207.3	204.6
df -h	3	2.6	222.9	220.4
df -h	4	2.6	238.7	236.1
df -h	5	2.5	242.5	240.0
df -h	6	2.3	223.9	221.6
df -h	7	2.3	219.4	217.1
df -h	8	2.4	204.5	202.1
df -h	9	2.4	309.3	306.9
df -h	10	2.4	204.6	202.2
df -h	11	2.4	204.6	202.2
df -h	12	2.4	194.3	191.9
df -h	13	2.4	218.1	215.7
df -h	14	2.4	223.7	221.3
df -h	15	2.4	257.4	255.0
df -h	16	2.3	194.1	191.8
df -h	17	2.4	207.8	205.4
df -h	18	2.4	212.9	210.5
df -h	19	2.5	246.7	244.3
df -h	20	2.4	211.5	209.2
df -h	21	2.4	221.6	219.1
df -h	22	2.3	221.0	218.7
df -h	23	2.4	230.7	228.4
df -h	24	2.4	243.8	241.4
df -h	25	2.4	196.7	194.3
df -h	26	2.3	213.6	211.3
df -h	27	2.4	234.1	231.7
df -h	28	2.3	237.0	234.7
df -h	29	2.4	203.3	200.9
df -h	30	2.4	197.6	195.3
ps aux | head -n 20	1	16.7	243.9	227.2
ps aux | head -n 20	2	16.4	225.0	208.6
ps aux | head -n 20	3	16.9	241.1	224.2
ps aux | head -n 20	4	18.7	272.8	254.1
ps aux | head -n 20	5	15.8	219.2	203.4
ps aux | head -n 20	6	15.6	225.6	210.1
ps aux | head -n 20	7	15.7	260.0	244.3
ps aux | head -n 20	8	15.8	214.9	199.1
ps aux | head -n 20	9	16.7	238.5	221.8
ps aux | head -n 20	10	17.5	211.6	194.1
ps aux | head -n 20	11	15.8	210.2	194.4
ps aux | head -n 20	12	16.0	210.3	194.3
ps aux | head -n 20	13	15.5	250.0	234.5
ps aux | head -n 20	14	15.4	209.7	194.3
ps aux | head -n 20	15	15.8	242.4	226.7
ps aux | head -n 20	16	15.5	213.9	198.4
ps aux | head -n 20	17	15.6	218.1	202.5
ps aux | head -n 20	18	15.8	243.6	227.8
ps aux | head -n 20	19	15.6	216.6	201.0
ps aux | head -n 20	20	15.8	255.1	239.3
ps aux | head -n 20	21	15.7	219.0	203.2
ps aux | head -n 20	22	15.6	239.4	223.8
ps aux | head -n 20	23	16.0	222.7	206.7
ps aux | head -n 20	24	15.6	226.2	210.6
ps aux | head -n 20	25	15.6	220.7	205.1
ps aux | head -n 20	26	15.7	223.3	207.6
ps aux | head -n 20	27	15.6	324.6	309.0
ps aux | head -n 20	28	16.2	210.3	194.1
ps aux | head -n 20	29	15.9	232.5	216.6
ps aux | head -n 20	30	15.7	246.0	230.3
